﻿<?xml version='1.0' encoding='UTF-8'?>
<gallery cellDimension="800" columns="3" zoomOutPerc="15" zoomInPerc="100" frameWidth="20" captionColor="0xFFFFFF" enableRightClickOpen="true">
<image>
<url>images/large/_0570629206.jpg</url>
<caption></caption>
</image>
<image>
<url>images/large/_7541529535.jpg</url>
<caption></caption>
</image>
<image>
<url>images/large/_5026577941.jpg</url>
<caption></caption>
</image>
<image>
<url>images/large/_5107722574.jpg</url>
<caption></caption>
</image>
<image>
<url>images/large/_5307918007.jpg</url>
<caption></caption>
</image>
<image>
<url>images/large/_8709148327.jpg</url>
<caption></caption>
</image>
<image>
<url>images/large/_2399591865.jpg</url>
<caption></caption>
</image>
<image>
<url>images/large/_8955209962.jpg</url>
<caption></caption>
</image>
<image>
<url>images/large/_3714223928.jpg</url>
<caption></caption>
</image>
<image>
<url>images/large/_6329793444.jpg</url>
<caption></caption>
</image>
<image>
<url>images/large/_1491815220.jpg</url>
<caption></caption>
</image>
<image>
<url>images/large/_3691076420.jpg</url>
<caption></caption>
</image>
</gallery>
